{
  "images" : [
    {
      "idiom" : "universal",
      "scale" : "1x"
    },
    {
      "resizing" : {
        "mode" : "9-part",
        "center" : {
          "mode" : "fill",
          "width" : 235,
          "height" : 26
        },
        "capInsets" : {
          "bottom" : 10,
          "top" : 7,
          "right" : 11,
          "left" : 10
        }
      },
      "idiom" : "universal",
      "filename" : "edit_text_bg@2x.png",
      "scale" : "2x"
    }
  ],
  "info" : {
    "version" : 1,
    "author" : "xcode"
  }
}